{"grounds":[{"entity":{"pos":[0.00000000,-1.00000000,0.00000000],"scale":[10.00000000,0.10000000,10.00000000],"rot":[0.0000000000000000, 0.0000000000000000, 0.0000000000000000, 0.0000000000000000]}}],"walls":[{"entity":{"pos":[0.00000000,1.00100005,-6.00000000],"scale":[10.00000000,4.00000000,1.00000000],"rot":[0.0000000000000000, 0.0000000000000000, 0.0000000000000000, 0.0000000000000000]}},{"entity":{"pos":[15.48999977,1.00999999,0.00000000],"scale":[1.00000000,4.00000000,10.00000000],"rot":[0.0000000000000000, 0.0000000000000000, 0.0000000000000000, 0.0000000000000000]}}],"doors":[],"point_lights":[{"pos":[1.00000000,4.00000000,5.00000000],"ambient":[0.06862748,0.06559979,0.06559979],"diffuse":[0.57673943,0.63235295,0.25418109],"specular":[0.91666669,0.11233658,0.11233658],"radius":16},{"pos":[12.00000000,0.00000000,2.00000000],"ambient":[0.27369282,0.65686274,0.40892920],"diffuse":[0.48039216,0.48039216,0.48039216],"specular":[0.66666663,0.53267968,0.53267968],"radius":9}]}